"","X.1","X","business_id","city","postal_code","stars","review_count","Type","hours_per_week","weight"
"1",1,0,"-3AooxIkg38UyUdlz5oXdw","Santa Barbara",93101,"3",436,"Italian",69.9,1.77634611545651
"2",2,7,"-BdYhP-12elmFV7oB1iv4A","Santa Barbara",93109,"5",41,"American",45,0.167041721866323
"3",3,14,"-nwNPb3G-0L95igrhkvMtw","Santa Barbara",93101,"2.5",46,"Fast Food",67.9,0.187412663557338
"4",4,21,"-r6nmLB5Vi2TLQCxh0_dtw","Santa Barbara",93101,"4",215,"Deli",42,0.875950492713645
"5",5,28,"04Ss49U_QKYLotcJMAH8cA","Santa Barbara",93101,"4",97,"Deli",56,0.395196268805691
"6",6,35,"06pNHtxgPhGhZpM0Z2uzNw","Goleta",93117,"3.5",550,"American",57.4,2.24080358601165
"7",7,42,"0RxU5OglQyPVtLKC1LPgsA","Santa Barbara",93108,"4.5",497,"Bakery",40,2.02487160408689
"8",8,49,"0ac5lGA_0wdKDnib3y59Xg","Santa Barbara",93101,"4",434,"Mexican",56,1.7681977387801
"9",9,56,"0c28ysQJ_M1fVToTFV-FWQ","Santa Barbara",93101,"4",44,"American",32,0.179264286880932
"10",10,63,"0cWnURpfrb4MqKSzyVN4SQ","Santa Barbara",93109,"4",152,"Mexican",21.65,0.619276627406856
"11",11,70,"0iLgVQpBeIYYwQZIblTTVw","Santa Barbara",93110,"4",10,"Bakery",57.5,0.04074188338203
"12",12,77,"0it-2gWk_gyuZyEMQzBBuQ","Carpinteria",93013,"4",230,"American",58.2,0.93706331778669
"13",13,84,"0mUVD5sDXZjd66XwATN8XA","Goleta",93117,"4",103,"Coffee",54,0.419641398834909
"14",14,91,"0qu0fNTOsSmuREYVIMPuIQ","Santa Barbara",93105,"4.5",1018,"American",32.8,4.14752372829066
"15",15,98,"12Gc4OFQ-WAW0fAk2hRZuQ","Santa Barbara",93105,"5",25,"Bakery",1,0.101854708455075
"16",16,105,"1Du1NruqJwxnzgEUHc42Jw","Santa Barbara",93105,"4.5",208,"Breakfast",43.8,0.847431174346224
"17",17,112,"1FURjeGJi_LBXcJQg8eskw","Carpinteria",93013,"4.5",885,"American",51.2,3.60565667930966
"18",18,119,"1J0NIfmrSuV72KzhmYFxMA","Montecito",93108,"4",77,"Italian",28,0.313712502041631
"19",19,126,"1U8Kt44FIkC7RnJsNjaMTA","Santa Barbara",93101,"4.5",34,"Japanese",22.9,0.138522403498902
"20",20,133,"1kVnChI4aqsPw9i2PVqkkw","Santa Barbara",93105,"4",278,"American",54,1.13262435802043
"21",21,140,"1l4-uhraQzNiRjppKyMUUQ","Goleta",93117,"4.5",117,"Bakery",31.4,0.476680035569751
"22",22,147,"1lwulkAD5htni3rbHW8oeg","Santa Barbara",93109,"3",11,"Fast Food",90.8,0.044816071720233
"23",23,154,"23OxrUaCvvVrwSa1z3xG-w","Santa Barbara",93101,"4.5",128,"Bakery",28.5,0.521496107289984
"24",24,161,"27zlxlmlQu9KBr5Vj4MGeg","Goleta",93117,"4.5",790,"Deli",49,3.21860878718037
"25",25,168,"29t8lDBLiwkEd1HA356dOw","Goleta",93117,"4",386,"Deli",53.9,1.57263669854636
"26",26,175,"2MWEEuY3dtD2DNP99sNe_A","Goleta",93117,"4.5",77,"Mexican",13,0.313712502041631
"27",27,182,"2N9WHETHcYJsfYpHQ-qN_A","Goleta",93111,"3.5",156,"Bakery",56,0.635573380759668
"28",28,189,"2QaNH5-RCRNIkToUOBc22Q","Santa Barbara",93105,"4",26,"Mexican",58,0.105928896793278
"29",29,196,"2Y0L3Hf6U-76jGvviKy5pA","Carpinteria",93013,"3",115,"Mexican",61,0.468531658893345
"30",30,203,"2YnQAJdeFrcgPa8MqIYcDg","Santa Barbara",93111,"3.5",294,"American",56,1.19781137143168
"31",31,210,"2aP9wvEqpGLLDVpWTWlAog","Carpinteria",93013,"4.5",130,"Bakery",88.2,0.52964448396639
"32",32,217,"2bxZhBk8JZkJ1GqfTB0cUQ","Santa Barbara",93101,"3.5",287,"Italian",70,1.16929205306426
"33",33,224,"2h3SEwpI6fiuTF9mcN1S_Q","Santa Barbara",93101,"4",86,"Mexican",101.5,0.350380197085458
"34",34,231,"2l-spLLGUzRiZg8dF623Nw","Santa Barbara",93101,"4",144,"American",51,0.586683120701232
"35",35,238,"2nF2syYoD5VBFk01le6NkA","Santa Barbara",93108,"4.5",31,"Deli",33.5,0.126299838484293
"36",36,245,"2pBNVsJo3a3CPbInUu9lvQ","Santa Barbara",93101,"3",134,"Fast Food",74,0.545941237319202
"37",37,252,"2swMZVA832zkmdPBrddPRQ","Goleta",93117,"4.5",233,"Healthy",63,0.949285882801299
"38",38,259,"2xxkaRy7rP5EUyjFt2J5kA","Goleta",93117,"4.5",562,"Japanese",25.8,2.28969384607009
"39",39,266,"34Eqv8jXgxg_EEwcsNgeeg","Santa Barbara",93101,"4",659,"Healthy",63,2.68489011487578
"40",40,273,"3VrqxApK-iwfRohlAuIt0g","Goleta",93117,"4",113,"Breakfast",49.5,0.460383282216939
"41",41,280,"3fpAmsSuEFNF29UUPpgwlw","Santa Barbara",93105,"4.5",292,"Bakery",80,1.18966299475528
"42",42,287,"3tvi-OJ_-iK1ecjzSaH-oA","Santa Barbara",93101,"4.5",217,"Bakery",54,0.884098869390051
"43",43,294,"3xJ_6qxRA0sdUm3ThCPiCw","Carpinteria",93013,"4",271,"Italian",19.8,1.10410503965301
"44",44,301,"425FOxIzHPcOB0niWc6-1w","Santa Barbara",93101,"3.5",100,"Bakery",21,0.4074188338203
"45",45,308,"45D7B9CqiUTTPUFcqmLx5Q","Santa Barbara",93105,"4.5",263,"American",36.8,1.07151153294739
"46",46,315,"45Ut-AN8h3c88-pYTrGBnA","Goleta",93117,"4",155,"Japanese",75,0.631499192421465
"47",47,322,"49Sy1N3MTnK6Eslh1tgZQQ","Santa Barbara",93101,"3.5",12,"American",8,0.048890260058436
"48",48,329,"4D7QDfPOsSPfKxBi3gs_qQ","Santa Barbara",93101,"4",622,"Pizza",30.9,2.53414514636227
"49",49,336,"4FdsX3MbkcdBRAr1aymF6A","Santa Barbara",93101,"4.5",77,"Mexican",26,0.313712502041631
"50",50,343,"4IqrY1mXK65HgrrgkpE-cw","Montecito",93108,"4.5",84,"Japanese",22,0.342231820409052
"51",51,350,"4VW4_ghjdYw0Wl40Voa9cw","Carpinteria",93013,"3.5",236,"Mexican",73.7,0.961508447815908
"52",52,357,"54oLdsGU9B8HxFTqCCqV-A","Santa Barbara",93105,"4.5",589,"Italian",82.2,2.39969693120157
"53",53,364,"5Z3uvoIoOFUzTmrBmIJv2g","Santa Barbara",93101,"3",37,"Deli",15,0.150744968513511
"54",54,371,"5tkZfqkwx6axbN9P5UlC8w","Carpinteria",93013,"2.5",32,"Fast Food",90.9,0.130374026822496
"55",55,378,"5vIfUavd23X3lBzjnnc4QA","Santa Barbara",93103,"3",21,"Bakery",0,0.085557955102263
"56",56,385,"5vObJIHLO-QOMrw_MvC4rA","Carpinteria",93013,"4",828,"Breakfast",36,3.37342794403209
"57",57,392,"6EizP0XyqITuGZ8GZMI9Lw","Santa Barbara",93101,"4.5",1084,"Italian",30,4.41642015861205
"58",58,399,"6HTGlttrzCMsuGBHO1ZGiw","Santa Barbara",93101,"4.5",405,"American",20.6,1.65004627697222
"59",59,406,"6RBZfirnzE4NahJTn1UPNA","Santa Barbara",93103,"4",1759,"Mexican",70,7.16649728689908
"60",60,413,"6RBrYMiAf8jFJI4fDoQpcw","Santa Barbara",93106,"3",6,"Mexican",91.8,0.024445130029218
"61",61,420,"6TciI6uBdrd8z1av1YleLg","Goleta",93117,"3.5",198,"Mexican",64,0.806689290964194
"62",62,427,"6VVbLYay8czrjKJ4xRoTxQ","Santa Barbara",93101,"4.5",110,"Breakfast",53.9,0.44816071720233
"63",63,434,"6kPHr6gZaU9732ptn9gJrA","Goleta",93117,"4",128,"Mexican",112,0.521496107289984
"64",64,441,"6smGb7xv5fDbBsLgW1WC2w","Santa Barbara",93105,"3.5",185,"Japanese",33.6,0.753724842567555
"65",65,448,"7IdIGemGZodDAA_9mJCigA","Santa Barbara",93105,"4",255,"Fast Food",42,1.03891802624177
"66",66,455,"7oPREWTlY8RIMfwT1R0YYw","Santa Barbara",93109,"4",70,"American",43.5,0.28519318367421
"67",67,462,"7wSnkgOORRCqVDa_n8Upxg","Santa Barbara",93105,"4",510,"American",37.4,2.07783605248353
"68",68,469,"7wcHZ80HLJVwUijAH_efJQ","Santa Barbara",93109,"3.5",212,"American",53.45,0.863727927699036
"69",69,476,"8JzURExziDYuCrd7Ve9nDQ","Santa Barbara",93101,"4.5",44,"Bakery",89,0.179264286880932
"70",70,483,"8Lbz0hfE4MWzd7yDu9atBA","Santa Barbara",93101,"5",146,"American",16,0.594831497377638
"71",71,490,"8MoqZqlNN9AXzG91_Hpc_Q","Santa Barbara",93101,"4",289,"American",65.1,1.17744042974067
"72",72,497,"8Vo6LN9gqULhXzoxj5k6kQ","Santa Barbara",93101,"4.5",983,"Japanese",22.3,4.00492713645355
"73",73,504,"8_r9EZL6vX5fPBoVh3gUrA","Santa Barbara",93101,"4",318,"Mexican",56,1.29559189154855
"74",74,511,"8qGe4GQYyZstFhYa0rvpIg","Goleta",93117,"2",58,"Fast Food",35,0.236302923615774
"75",75,518,"8r_n8JdKQ0gePm2neSkL7A","Goleta",93117,"3",223,"Japanese",60.6,0.908543999419269
"76",76,525,"92Z2WFvC86Qy3TOI-oBGVg","Carpinteria",93013,"4",26,"Mexican",112,0.105928896793278
"77",77,532,"95NWdx75Gwy4r_IGGuCnmQ","Carpinteria",93013,"4",25,"Healthy",62,0.101854708455075
"78",78,539,"9kfN12wVGnKo54AaRjz0vQ","Carpinteria",93013,"4.5",179,"Italian",54,0.729279712538337
"79",79,546,"9ugpNKKhnYRa51qXoxUw_A","Santa Barbara",93101,"4.5",1219,"Mexican",55,4.96643558426946
"80",80,553,"9xW7LsJpyhVZFRb6z9xorg","Goleta",93117,"4",172,"Italian",38,0.700760394170916
"81",81,560,"A263bVzMdU_-TIMhewOrjQ","Goleta",93117,"4",252,"Breakfast",56,1.02669546122716
"82",82,567,"A2slwG21Uulatt357w58PA","Isla Vista",93117,"4",98,"Coffee",46,0.399270457143894
"83",83,574,"AFZTm786brtTbEc5yYBgfA","Carpinteria",93013,"4",111,"Mexican",78,0.452234905540533
"84",84,581,"AQw0B8j9QV1RkFLLFiwkuw","Carpinteria",93013,"4",329,"Breakfast",38.4,1.34040796326879
"85",85,588,"AXC__4yZrn-N3BT7-2bV_Q","Santa Barbara",93101,"4",104,"American",75,0.423715587173112
"86",86,595,"AgVekFXqwt4Y1HxfQcpyiw","Carpinteria",93013,"4",144,"Deli",34.2,0.586683120701232
"87",87,602,"Ak4vFqHZUWU5KXONRnuieQ","Santa Barbara",93103,"4",166,"Mexican",86,0.676315264141698
"88",88,609,"Ak_vHsHsYRP928VHVRL_tQ","Goleta",93117,"2.5",76,"Fast Food",80.2,0.309638313703428
"89",89,616,"AmAc0eD6lyVyb7QdOAO1Mg","Santa Barbara",93101,"3.5",138,"American",51.4,0.562237990672014
"90",90,623,"AzZqXglv_puXwd4kCvM7ew","Santa Barbara",93101,"4",96,"Mexican",91,0.391122080467488
"91",91,630,"BErYojCJSO959vzaz9JclQ","Santa Barbara",93101,"4.5",571,"Deli",52.2,2.32636154111391
"92",92,637,"BEzvmorW8ILha6tcSxBBwA","Santa Barbara",93110,"4.5",69,"Pizza",40,0.281118995336007
"93",93,644,"BHZZFNH4wu5VAq_JypqjiQ","Montecito",93108,"3.5",67,"Italian",40,0.272970618659601
"94",94,651,"BQv7ntaOxs80FJAji2U9pg","Santa Barbara",93105,"3.5",337,"American",70,1.37300146997441
"95",95,658,"BVzFvRrgMpL62oPIqGvLMg","Goleta",93111,"4.5",347,"Deli",40,1.41374335335644
"96",96,665,"BaWVwChTW_MqkKru_WZp3g","Santa Barbara",93101,"4",276,"Mexican",112,1.12447598134403
"97",97,672,"BttSAciQNIQhgJCv3-FYpw","Carpinteria",93013,"4",84,"Deli",63,0.342231820409052
"98",98,679,"C-aATB7SbuwMBPN5dgjghQ","Santa Barbara",93105,"3",127,"Pizza",64,0.517421918951781
"99",99,686,"C-zgOpqD2K0xDJU4ty7zKg","Santa Barbara",93108,"4.5",57,"Coffee",74,0.232228735277571
"100",100,693,"C6AiAF35zwpAoK5jjm-nhA","Santa Barbara",93108,"3.5",37,"Coffee",49.8,0.150744968513511
"101",101,700,"COSC9JC0Vjr89CaTZuPkUA","Santa Barbara",93101,"4",477,"Japanese",38,1.94338783732283
"102",102,707,"CTmAWi-W8_Id00EjHF5Uwg","Carpinteria",93013,"3.5",131,"Pizza",66,0.533718672304593
"103",103,714,"CYwC5OjwCN6ib_AQDxi3Ow","Goleta",93111,"4",228,"Fast Food",72.6,0.928914941110284
"104",104,721,"Ce6B2-CYAjGvRZe3GKyxYA","Santa Barbara",93101,"3",124,"Pizza",64,0.505199353937172
"105",105,728,"CkENBnSJFfPA1hY0qrqfCg","Santa Barbara",93101,"3.5",731,"Mexican",66,2.97823167522639
"106",106,735,"CoZ2mpsMBP8HUG1ymKoZTg","Santa Barbara",93101,"4",954,"Italian",30,3.88677567464566
"107",107,742,"CuRjZOmfnXjefwEpyzmTTw","Santa Barbara",93101,"5",60,"Pizza",68.7,0.24445130029218
"108",108,749,"CziOtnFSklimJnBgksDDwA","Santa Barbara",93101,"3.5",1069,"Italian",57.4,4.35530733353901
"109",109,756,"D5n8XvQqC_vzOCi63wNChQ","Truckee",96161,"5",26,"Deli",86,0.105928896793278
"110",110,763,"DBtNuEt5U_dXoalpU8rbcQ","Goleta",93117,"4",198,"American",28.1,0.806689290964194
"111",111,770,"DOfiulOub9hVPBCtiDl9Fw","Santa Barbara",93101,"4",643,"Pizza",62,2.61970310146453
"112",112,777,"DV0BJwh9qzPqcxufrA_7ag","Santa Barbara",93103,"3",33,"Deli",69.8,0.134448215160699
"113",113,784,"D_WS8rM-DVygaCKbIErZ6Q","Santa Barbara",93110,"4",232,"Mexican",79,0.945211694463096
"114",114,791,"DqVpNtgFCP47n6frh-LREA","Santa Barbara",93101,"3.5",262,"Mexican",34.7,1.06743734460919
"115",115,798,"DzpaiMQnB_sNhZPrgdvKHg","Goleta",93117,"3.5",163,"Japanese",54,0.664092699127089
"116",116,805,"E1R-xslwl7XeTN5lQ7mWPg","Santa Barbara",93101,"4.5",272,"American",24.6,1.10817922799122
"117",117,812,"E1b_hNr22N2wGkq5Z9fmHw","Santa Barbara",93108,"3.5",21,"Healthy",52.8,0.085557955102263
"118",118,819,"E3WUDYEvCVMplIFMgeN1xw","Santa Barbara",93101,"4",519,"Breakfast",42,2.11450374752736
"119",119,826,"E8tiSAB6O4TPeVdKR0K5Ug","Santa Barbara",93103,"3",89,"Pizza",64,0.362602762100067
"120",120,833,"EBuSqlpzzyfZZkEgPxVV1Q","Santa Barbara",93105,"3",36,"American",77,0.146670780175308
"121",121,840,"EEwmN2uP1PmOyxpTstSIxA","Santa Barbara",93101,"4.5",40,"Bakery",23,0.16296753352812
"122",122,847,"EPkF-beh6gg_s3HtlAdfiw","Goleta",93117,"4",468,"Japanese",21.5,1.906720142279
"123",123,854,"EUzWWnvcx1pkkWxk2XV6QA","Isla Vista",93117,"4",59,"Fast Food",65,0.240377111953977
"124",124,861,"EXYbKA1tocvOK_1tXxZXLA","Santa Barbara",93109,"3.5",178,"Japanese",56,0.725205524200134
"125",125,868,"EZc2myE2mYk2h9JK9qu8gw","Santa Barbara",93101,"4.5",1047,"American",67,4.26567519009854
"126",126,875,"E_ac8Q20OJD9L8cafCBKaQ","Santa Barbara",93101,"4",534,"American",28,2.1756165726004
"127",127,882,"EoLzj1yciIjEZS9ZEJe_kQ","Santa Barbara",93101,"3",85,"American",54,0.346306008747255
"128",128,889,"EtM079Cj7-B3G7jPsGYb_Q","Santa Barbara",93101,"3.5",1546,"Mexican",65.1,6.29869517086184
"129",129,896,"EzhRlsTdACV60rOgrGYyqA","Santa Barbara",93101,"3",98,"Breakfast",71,0.399270457143894
"130",130,903,"F6KHs4GDw_9tpuv65M6PGA","Goleta",93117,"3.5",187,"Deli",28,0.761873219243961
"131",131,910,"FAc2Mv92KL00cbLdpAc0kQ","Carpinteria",93013,"3",195,"Pizza",71,0.794466725949585
"132",132,917,"FE5R_F7svUphKeUWuxA0JA","Santa Barbara",93111,"4",206,"Mexican",84,0.839282797669818
"133",133,924,"FEBwxZMEpxRwVXx9Fm0XZw","Santa Barbara",93101,"4",1268,"Breakfast",51.1,5.16607081284141
"134",134,931,"FH0MVF7kK0D76Hh4e7hXfQ","Santa Barbara",93105,"4",575,"Bakery",30,2.34265829446673
"135",135,938,"FTFaEinJgzqY0ZHQMUSpQQ","Santa Barbara",93101,"3.5",696,"American",52,2.83563508338929
"136",136,945,"FY_FkUeQxVqAjc9V0IAc2Q","Goleta",93117,"4.5",96,"Healthy",84,0.391122080467488
"137",137,952,"FdoqtMadj4ybDAL7S-yUBQ","Summerland",93067,"4",663,"American",51,2.70118686822859
"138",138,959,"Fg68C3AwFu74dXMhgX3qIw","Santa Barbara",93103,"3.5",18,"Fast Food",105,0.073335390087654
"139",139,966,"FjVAwrTr0AMfs78pDLamtA","Goleta",93117,"2.5",17,"Deli",102,0.069261201749451
"140",140,973,"GEGTsaKaO1R9fFB4sGS5qw","Goleta",93117,"4.5",10,"Mexican",19.1,0.04074188338203
"141",141,980,"GUuLWkqfieTDwORs8z8mDg","Goleta",93118,"3.5",15,"American",49.25,0.061112825073045
"142",142,987,"Gg2ZHe57Ztuv8JaFj0mNhw","Isla Vista",93117,"4.5",333,"American",77,1.3567047166216
"143",143,994,"Gl3XO4ECKKli8-bKKdkkYA","Santa Barbara",93103,"2",36,"Fast Food",70,0.146670780175308
"144",144,1001,"GtrY5U_M1ac3bYCk0DUeIg","Santa Barbara",93101,"4.5",244,"Deli",29.2,0.994101954521532
"145",145,1008,"GuzbBFraIq-fbkjfvaTRvg","Santa Barbara",93109,"4.5",1796,"Healthy",60,7.31724225541259
"146",146,1015,"GwtVBqKzW9j0zNQ7nYnT5g","Santa Barbara",93101,"3.5",115,"Healthy",57,0.468531658893345
"147",147,1022,"Gz3vi3dVKMylBb8HV1tP8Q","Santa Barbara",93108,"3.5",68,"Healthy",84,0.277044806997804
"148",148,1029,"HE-9l_2RSingLV2RZItdsA","Goleta",93117,"4",204,"Bakery",65.5,0.831134420993412
"149",149,1036,"HNACff49-kXS7l0MyLOzHw","Santa Barbara",93111,"2.5",48,"Pizza",69,0.195561040233744
"150",150,1043,"HOXbILWYZJkNUYYzYK_tZA","Santa Barbara",93101,"4",291,"Italian",28,1.18558880641707
"151",151,1050,"Hl_vXTiYLozWo7T9Cq17vw","Santa Barbara",93101,"5",47,"Italian",18.8,0.191486851895541
"152",152,1057,"Hlx8S2GLF7hMuIKx4sU-gg","Santa Barbara",93103,"4",117,"Mexican",77,0.476680035569751
"153",153,1064,"I7tLQ1YEJjcN16josIx6Dw","Goleta",93117,"3.5",63,"Italian",40,0.256673865306789
"154",154,1071,"ICJE_-SCNJAHDtUpK1O0nw","Carpinteria",93013,"4",9,"Mexican",55,0.036667695043827
"155",155,1078,"IDtLPgUrqorrpqSLdfMhZQ","Santa Barbara",93101,"4",389,"Bakery",36,1.58485926356097
"156",156,1085,"IDyJPdJ-zTXJ_FSSOMOgbg","Carpinteria",93013,"4",84,"Mexican",93,0.342231820409052
"157",157,1092,"IQFb8aeU7QW-BxpFhGMnlg","Montecito",93108,"4",33,"Pizza",37,0.134448215160699
"158",158,1099,"IRyKDIF51M0GcqS8yfPcYA","Santa Barbara",93109,"4",374,"American",98,1.52374643848792
"159",159,1106,"IXQH9-nnTWZFgBF0V3MH-A","Santa Barbara",93101,"4",16,"Pizza",63.8,0.065187013411248
"160",160,1113,"IZJacI6XEUxy3_wbW76Qfw","Goleta",93117,"2.5",188,"American",70,0.765947407582164
"161",161,1120,"IZZ7J14VnJGyUqYH1tgT6w","Santa Barbara",93101,"4.5",159,"Healthy",47,0.647795945774277
"162",162,1127,"Ifw5wqcChnL4zBigtR7NKA","Goleta",93117,"3.5",80,"Mexican",81.1,0.32593506705624
"163",163,1134,"JB5tlC_7u5IHT2Z_GHN-qw","Santa Barbara",93103,"5",8,"Healthy",21,0.032593506705624
"164",164,1141,"JUruKsTe0fdPbQHCT8XTug","Goleta",93117,"3",31,"Healthy",49,0.126299838484293
"165",165,1148,"JWFpjvCc_nkNDVtMPx1ZGg","Santa Barbara",93101,"4.5",12,"Pizza",57,0.048890260058436
"166",166,1155,"JZrspVMm79n_iHTYftkI0g","Santa Barbara",93103,"4",56,"Mexican",57,0.228154546939368
"167",167,1162,"JjmmSW_QQh2Db4fuIEMATA","Santa Barbara",93101,"4",624,"Pizza",62.9,2.54229352303867
"168",168,1169,"JpwG8sDNsHuD0f6NF6YuGw","Santa Barbara",93101,"3",164,"Pizza",64,0.668166887465292
"169",169,1176,"KSYONgGtrK0nKXfroB-bwg","Santa Barbara",93101,"4.5",914,"Mexican",26,3.72380814111754
"170",170,1183,"L4-_gPiqsuX50JN_-qUhNQ","Santa Barbara",93101,"5",41,"Bakery",36,0.167041721866323
"171",171,1190,"L8rhRyXtpq2nCE0il1KN_g","Santa Barbara",93190,"3",28,"American",48.5,0.114077273469684
"172",172,1197,"L9hRzl4W7TAdcW0Ld09O-A","Carpinteria",93013,"5",7,"American",48,0.028519318367421
"173",173,1204,"LEo6sBsQz3xrpKW-DQjTWQ","Santa Barbara",93106,"2.5",18,"Fast Food",77,0.073335390087654
"174",174,1211,"LMm555z8BReDxgkpF_TEug","Santa Barbara",93105,"4",9,"Deli",63.5,0.036667695043827
"175",175,1218,"LlGIlNJE2Nv_PXkH7l4Wmg","Goleta",93117,"4.5",517,"Mexican",50,2.10635537085095
"176",176,1225,"M3LZKA-tVFRJyPeKA3_2OA","Santa Barbara",93108,"4.5",9,"Bakery",34,0.036667695043827
"177",177,1232,"MX2YGruhd0sMNHZGK7p5-Q","Santa Barbara",93108,"4",261,"Italian",46,1.06336315627098
"178",178,1239,"M_0k-h3euD5T1Pv6vQwEMQ","Carpinteria",93013,"3",17,"American",29.4,0.069261201749451
"179",179,1246,"MbzgGsMQpGyVrUJXi_Jw0Q","Santa Barbara",93101,"4",807,"Healthy",30,3.28786998892982
"180",180,1253,"MwJsk91FJ73YzzmpVaJihQ","Santa Barbara",93101,"4",448,"Mexican",72,1.82523637551494
"181",181,1260,"NCHUoBAMTDqI754PICPN9A","Isla Vista",93117,"3",99,"Coffee",84,0.403344645482097
"182",182,1267,"NCMTfUJYTasYZ64UuGC-rg","Goleta",93117,"4.5",105,"Pizza",60.1,0.427789775511315
"183",183,1274,"NIqFlHurHm0cj6QXczYbEQ","Carpinteria",93013,"3",125,"Mexican",91,0.509273542275375
"184",184,1281,"NORF647ibBQ4U-VNMgzSLg","Santa Barbara",93101,"4.5",77,"Healthy",81,0.313712502041631
"185",185,1288,"NTLvzcGNm4IUF_yXIwIhvA","Carpinteria",93013,"4.5",131,"Pizza",36.4,0.533718672304593
"186",186,1295,"Nbht3URjeV94507do0goEw","Santa Barbara",93101,"4.5",111,"Healthy",68,0.452234905540533
"187",187,1302,"Ng4PxR9WVdbnDGC50PbzwQ","Goleta",93117,"3",89,"Deli",57,0.362602762100067
"188",188,1309,"NnAfFmqKH3PBeigmuAeFNA","Goleta",93117,"3.5",127,"Mexican",70,0.517421918951781
"189",189,1316,"NuMR1xJu6Ewxaicc4yLOFw","Santa Barbara",93105,"4",232,"Fast Food",68.5,0.945211694463096
"190",190,1323,"O0kQGkmlllaN7oU6sQyzPA","Goleta",93117,"4.5",21,"Breakfast",35,0.085557955102263
"191",191,1330,"O8rIa0Wvapju2iC9T1Hp8Q","Carpinteria",93013,"4.5",20,"Healthy",45.5,0.08148376676406
"192",192,1337,"OyFxR5E2HBy-K2-0AxCtFg","Santa Barbara",93109,"2",42,"Pizza",61,0.171115910204526
"193",193,1344,"PNVbv2kyUIHeJTDPis2gRg","Goleta",93117,"4",460,"Mexican",70,1.87412663557338
"194",194,1351,"PUDTWmMzevJdvsueEmnYqw","Goleta",93117,"4.5",35,"Coffee",59,0.142596591837105
"195",195,1358,"Pf_7rI6TnV8M_btOBBLg5w","Goleta",93117,"4",56,"Mexican",73.8,0.228154546939368
"196",196,1365,"PnT9JSoMirpKzY6TnG1HhQ","Goleta",93117,"4",94,"Deli",23.5,0.382973703791082
"197",197,1372,"PsO9LleYQJlFc_r-DJxVzg","Santa Barbara",93103,"3.5",30,"Fast Food",56,0.12222565014609
"198",198,1379,"QFh-h_OZ5Io-mBk32HN28A","Santa Barbara",93101,"4",638,"American",69.7,2.59933215977351
"199",199,1386,"QaFbv7aLQBcfT4xMF1_WnQ","Goleta",93117,"4.5",1246,"American",55.8,5.07643866940094
"200",200,1393,"QfXEdQpBojorGinfCnrKTA","Santa Barbara",93103,"2.5",17,"Deli",82,0.069261201749451
"201",201,1400,"Qkg16mN-8QR66gjzg6gMyw","Santa Barbara",93103,"4",445,"Italian",92,1.81301381050034
"202",202,1407,"Qsoq2TGOe59LZy7z6KbQjA","Santa Barbara",93103,"1.5",56,"Pizza",70.1,0.228154546939368
"203",203,1414,"RIXWht1pZG8pe1SJk5hhXw","Goleta",93117,"4.5",54,"Japanese",46,0.220006170262962
"204",204,1421,"RKuAfE06rDcetvOTI5MbbA","Santa Barbara",93103,"4.5",88,"Mexican",91,0.358528573761864
"205",205,1428,"RRGLss4hhvZZuR0N6GQlSw","Santa Barbara",93101,"4",208,"American",54.2,0.847431174346224
"206",206,1435,"R_8S3Iuhpzoi3nM-xq3kcw","Santa Barbara",93105,"3.5",101,"Breakfast",56,0.411493022158503
"207",207,1442,"Rl42JbSMsmNW3LRjsTMYAg","Isla Vista",93117,"4",1270,"Mexican",84,5.17421918951781
"208",208,1449,"S3QHy1sshUeZwXOYviVsXQ","Montecito",93108,"4",262,"Italian",67.8,1.06743734460919
"209",209,1456,"S4ujTsHtCOsHKrKkcjY30Q","Montecito",93108,"4.5",121,"American",33,0.492976788922563
"210",210,1463,"S7Cl9gYqaC9jlw32yd4_Yg","Santa Barbara",93105,"3",50,"Coffee",88.2,0.20370941691015
"211",211,1470,"SHk_eYKzIOPvgwvTThtXiQ","Goleta",93118,"3.5",6,"Healthy",20,0.024445130029218
"212",212,1477,"SYHDOHRNAH-2xsw3XB5qbg","Santa Barbara",93103,"4.5",1108,"Coffee",36,4.51420067872893
"213",213,1484,"Sa1G0j7YGs0mSa-mU4tvgg","Carpinteria",93013,"2.5",45,"Fast Food",105,0.183338475219135
"214",214,1491,"SeneXbKmhHhPtzyTDPDnvA","Isla Vista",93117,"4",135,"Deli",93.1,0.550015425657405
"215",215,1498,"Sp4HOjXy-LYV_4yy10L3jg","Santa Barbara",93101,"4.5",74,"American",40.3,0.301489937027022
"216",216,1505,"Ss6f5v_t5Vddiaz4ZOxL0g","Santa Barbara",93101,"4",1106,"Bakery",54,4.50605230205252
"217",217,1512,"T2otvNcawDSkhykOG2tOLA","Santa Barbara",93110,"2.5",113,"Breakfast",80,0.460383282216939
"218",218,1519,"T9I4G6Or3sAbyYmB7c23hw","Santa Barbara",93101,"4.5",96,"Deli",48,0.391122080467488
"219",219,1526,"TCWnTa69sJ3vGQsdEe3Esw","Santa Barbara",93101,"2.5",317,"Pizza",60.9,1.29151770321035
"220",220,1533,"TUtf4FLtotdQDleYpRIfnw","Santa Barbara",93101,"3",193,"Pizza",66,0.786318349273179
"221",221,1540,"T_TX4Lx03Juo4pHF5cMYuA","Santa Barbara",93101,"3",34,"Pizza",77,0.138522403498902
"222",222,1547,"U1Gc3wKN5viu_e68KJVOdQ","Santa Barbara",93103,"4",147,"American",42.6,0.598905685715841
"223",223,1554,"U2hkeMI-q4cS35QolJYN0A","Santa Barbara",93101,"4",980,"Japanese",35.6,3.99270457143894
"224",224,1561,"U7XQ4-xZf-3a5diuDILpFA","Summerland",93108,"3.5",15,"Pizza",77,0.061112825073045
"225",225,1568,"UFpCraqzFBAhtZqmxmiWsA","Santa Barbara",93101,"4.5",116,"Coffee",54.15,0.472605847231548
"226",226,1575,"UQZe-qWOpGiyEPsTUko5Rg","Santa Barbara",93101,"4.5",25,"Healthy",30,0.101854708455075
"227",227,1582,"UjgqSqa4Biy34pHSEdwj_g","Santa Barbara",93101,"4",253,"Pizza",65.2,1.03076964956536
"228",228,1589,"UuRZpgZsHX7PyykHV3wbZg","Santa Barbara",93101,"4",761,"Bakery",56,3.10045732537248
"229",229,1596,"VAIOtbsxdNmuhUKkQZFRlA","Santa Barbara",93105,"4.5",524,"Bakery",57.2,2.13487468921837
"230",230,1603,"VC4jqq8Hu1_RjBFt8nHD2Q","Santa Barbara",93110,"5",19,"Bakery",8,0.077409578425857
"231",231,1610,"VOcGcN0bvGU_nzxbJgR5jQ","Santa Barbara",93108,"4.5",311,"Pizza",25.8,1.26707257318113
"232",232,1617,"VZhRxX3BzU09qK4UlXrN4g","Carpinteria",93013,"4.5",145,"American",42,0.590757309039435
"233",233,1624,"VciWUuWgNshjkRDPHiFCoQ","Santa Barbara",93105,"3.5",8,"Deli",96,0.032593506705624
"234",234,1631,"VeFfrEZ4iWaecrQg6Eq4cg","Goleta",93117,"4",189,"Mexican",73.8,0.770021595920367
"235",235,1638,"VgAKmXE8B7J0I_O_R13UKQ","Santa Barbara",93101,"4",511,"Coffee",70.7,2.08191024082173
"236",236,1645,"VqcHpG3ODZ4KHBhbxcL4-Q","Carpinteria",93013,"4",174,"Mexican",79,0.708908770847322
"237",237,1652,"Vt5gk5h5VlHXLu-cVKzOXw","Santa Barbara",93101,"3.5",24,"American",45,0.097780520116872
"238",238,1659,"W7gSJz80DywKnPRIGjA2Bw","Santa Barbara",93105,"3.5",126,"American",81.1,0.513347730613578
"239",239,1666,"W7zCBDLFv13fDzRXJefrrA","Santa Barbara",93105,"3.5",34,"Mexican",84,0.138522403498902
"240",240,1673,"WIH1ptTMD7aII_qfeVeaRg","Santa Barbara",93101,"4.5",13,"Mexican",98,0.052964448396639
"241",241,1680,"WUGRmrfSzQCyeG6mYAM-vw","Santa Barbara",93101,"4.5",125,"Mexican",54,0.509273542275375
"242",242,1687,"WVNkMz4sEl35swjVtKHOFw","Santa Barbara",93101,"4.5",112,"Bakery",46,0.456309093878736
"243",243,1694,"WfN-VixjWAbfe8efJEs3yQ","Montecito",93108,"3.5",57,"Bakery",53,0.232228735277571
"244",244,1701,"WrU1ZYN4jlYcL5mvJrQsCQ","Santa Barbara",93101,"4.5",133,"Mexican",70,0.541867048980999
"245",245,1708,"WtGHHomZhFffiL0UiKjGkw","Carpinteria",93013,"4.5",13,"Pizza",84,0.052964448396639
"246",246,1715,"WzgtV5eNV7rwtJYJUiPJ2w","Goleta",93117,"4",5,"American",4,0.020370941691015
"247",247,1722,"XHxAIQR-QAz6j1RMaz_J1A","Santa Barbara",93105,"3.5",131,"Pizza",59,0.533718672304593
"248",248,1729,"XXsofYxziipczzc3OFDD5Q","Santa Barbara",93117,"3",8,"Coffee",63,0.032593506705624
"249",249,1736,"XgehM3pBZWuXi45J2dqRJQ","Santa Barbara",93101,"4.5",319,"Healthy",34,1.29966607988676
"250",250,1743,"XwnkfMUiyH-OsJXbmbOK5g","Santa Barbara",93101,"3.5",155,"Japanese",70,0.631499192421465
"251",251,1750,"XyYsl2OyoMi6OMvzsdcVoQ","Santa Barbara",93101,"4",380,"Pizza",69,1.54819156851714
"252",252,1757,"Y-qMi8FQYC6-wq-4wBA54Q","Isla Vista",93117,"4",7,"American",21,0.028519318367421
"253",253,1764,"Y57sylYCgq2VQJuBCnjPfA","Santa Barbara",93101,"4",429,"Japanese",54,1.74782679708909
"254",254,1771,"YGgGefpPTFhgthvQvMAGoQ","Santa Barbara",93103,"4",286,"Mexican",60.9,1.16521786472606
"255",255,1778,"YXKot5TH9MhC4khAn0JC3w","Goleta",93117,"4",126,"Mexican",81,0.513347730613578
"256",256,1785,"YXaCcpETNtxrNNK6TbUTlw","Santa Barbara",93101,"4",324,"Japanese",65.1,1.32003702157777
"257",257,1792,"YgbIbmfDlB-bZSsjuIfKwA","Santa Barbara",93103,"3.5",219,"Bakery",54,0.892247246066457
"258",258,1799,"YrNtBUOUOYwmRZ_UVwH8iQ","Santa Barbara",93190,"3.5",433,"Bakery",49,1.7641235504419
"259",259,1806,"YxWiv24PHCseiVvGlqKFrQ","Isla Vista",93117,"4",485,"Pizza",82,1.97598134402846
"260",260,1813,"Z0mBsgDzDnFAEC5o4X6G9g","Santa Barbara",93110,"3.5",196,"Coffee",77,0.798540914287788
"261",261,1820,"ZRy4atrG3YHdb__qtE0FsA","Santa Barbara",93105,"3.5",71,"Mexican",98,0.289267372012413
"262",262,1827,"ZYqNIWch6Ik9wLZCa1hxkw","Santa Barbara",93103,"4.5",171,"Mexican",70.2,0.696686205832713
"263",263,1834,"ZrxlfdFU_qpnIHI2DmoRxA","Santa Barbara",93109,"4",176,"Pizza",58.3,0.717057147523728
"264",264,1841,"_T8tOBDr3NKNxd0yl5GwjA","Goleta",93117,"3",113,"Coffee",110,0.460383282216939
"265",265,1848,"_nSL2u-ZzX6kkAF2D2EZgQ","Goleta",93117,"3.5",77,"American",24,0.313712502041631
"266",266,1855,"_v3DcLatG70adfYzWTd-CQ","Carpinteria",93013,"4.5",97,"Healthy",55.8,0.395196268805691
"267",267,1862,"_vLfidpLDYHfZ_KnFZ75Lg","Isla Vista",93117,"3.5",209,"Mexican",49,0.851505362684427
"268",268,1869,"a9K3jxNUUe6jr1uh8FsakQ","Santa Barbara",93105,"3",65,"Breakfast",48,0.264822241983195
"269",269,1876,"aD4ysR05o5-onOjYjJ8QiQ","Goleta",93117,"3",27,"Deli",70.9,0.110003085131481
"270",270,1883,"aFhPwy7OhyKah4cJY2QdEQ","Santa Barbara",93108,"4.5",339,"American",35,1.38114984665082
"271",271,1890,"aOLFlIQibMg_lT2X4qKM2g","Goleta",93117,"4.5",96,"Coffee",68,0.391122080467488
"272",272,1897,"aY_n9RSaD2Yw09jSFFePew","Carpinteria",93013,"4",124,"Pizza",82,0.505199353937172
"273",273,1904,"acqDz7WDsCS3WiLxHVceOg","Santa Barbara",93103,"3.5",11,"Breakfast",93,0.044816071720233
"274",274,1911,"b1shfPbHpkeWtbGbz5iAtg","Santa Barbara",93105,"3",130,"Mexican",91,0.52964448396639
"275",275,1918,"b2Za53CjptGyf9K0fFnrAg","Santa Barbara",93105,"4",233,"Italian",25.9,0.949285882801299
"276",276,1925,"b5hxsRw76UUXcotxlCipuQ","Montecito",93108,"3.5",353,"Mexican",72,1.43818848338566
"277",277,1932,"bBA62rVklEG2WUnvi8RtrQ","Santa  Barbara",93105,"4",145,"Mexican",81.1,0.590757309039435
"278",278,1939,"bFWH7wlto7jjjwce5ZV--A","Goleta",93117,"4.5",227,"American",73,0.924840752772081
"279",279,1946,"bLnC1_-Kd_Z5qhHNQXCUfQ","Goleta",93117,"4",330,"Japanese",66,1.34448215160699
"280",280,1953,"bRlpi6k7wTSHHEapcLz_KA","Goleta",93117,"2",175,"Mexican",70.2,0.712982959185525
"281",281,1960,"bVaRZDHkWdsHuARGxxpREw","Santa Barbara",93101,"4.5",97,"Japanese",27.2,0.395196268805691
"282",282,1967,"bXrQejeR66IwebuhxPS7GA","Santa Barbara",93101,"4.5",323,"Deli",34,1.31596283323957
"283",283,1974,"bp482wqF6v80AltDNlPDfw","Santa Barbara",93101,"4.5",530,"American",53.4,2.15931981924759
"284",284,1981,"c0p9TawJSQHchy5aL8NWgQ","Santa Barbara",93103,"4.5",227,"Mexican",67.8,0.924840752772081
"285",285,1988,"c1tH5Btm_f7SQ-6ju22wag","Goleta",93117,"4",127,"Mexican",70,0.517421918951781
"286",286,1995,"cCi63HyU5XtjCaCVw0qJCw","Santa Barbara",93101,"3",15,"American",45,0.061112825073045
"287",287,2002,"cOoTIQ0RcudE1R5aRVZzdw","Carpinteria",93013,"3.5",92,"Breakfast",56,0.374825327114676
"288",288,2009,"cVW9b_1bqsvTU1jhGNWUsw","Santa Barbara",93106,"3",9,"Japanese",31.5,0.036667695043827
"289",289,2016,"cbX2XHrun39yJBND451_oA","Goleta",93117,"4",24,"Bakery",98,0.097780520116872
"290",290,2023,"ctVn7wMvJX8f4Z9SnOnrHw","Santa Barbara",93117,"3.5",243,"American",35,0.990027766183329
"291",291,2030,"d-5kMts7CzenaPgDzesQDg","Goleta",93117,"2.5",79,"Pizza",65.1,0.321860878718037
"292",292,2037,"d0E938M2_4kcuULUdnj-Xw","Santa Barbara",93101,"4.5",269,"American",58,1.09595666297661
"293",293,2044,"d0ybsdCs9S9DTDTxuwLbKg","Goleta",93117,"3",52,"Mexican",98,0.211857793586556
"294",294,2051,"d35qSICZEJDIuGUIUIbkgw","Goleta",93117,"2.5",33,"Fast Food",56,0.134448215160699
"295",295,2058,"dQ6d9H7rnFSOSC_FXbJ_FQ","Santa Barbara",93109,"4",50,"Healthy",84,0.20370941691015
"296",296,2065,"dbydQdzf0uEsvQ9y7SKT7w","Goleta",93117,"3.5",11,"American",63,0.044816071720233
"297",297,2072,"e0DU7_0mfalr-lnyUafiag","Montecito",93108,"3.5",147,"Pizza",68.5,0.598905685715841
"298",298,2079,"e8IBUW8tO5XlmgD4fSMtqA","Goleta",93117,"3",45,"Fast Food",47,0.183338475219135
"299",299,2086,"eBxc95u_Gcs9bLST0UntOQ","Santa Barbara",93105,"4",378,"Mexican",77,1.54004319184073
"300",300,2093,"eCnHSfwrco1Vs3m-iRcavw","Goleta",93117,"4",30,"American",60,0.12222565014609
"301",301,2100,"eGI_WepIIjYahIrMVRknfw","Goleta",93117,"4.5",79,"Japanese",70,0.321860878718037
"302",302,2107,"ebJav941naDgngDP2EIRHw","Santa Barbara",93101,"2.5",51,"Fast Food",67.9,0.207783605248353
"303",303,2114,"edJoBsse6nsF0BYh6pATAg","Santa Barbara",93101,"4.5",1500,"American",24,6.1112825073045
"304",304,2121,"eikRexw04kC6siBDkFnayQ","Santa Barbara",93101,"4.5",367,"American",56,1.4952271201205
"305",305,2128,"ejqpFQ0dwO7AZhxTO9fySg","Santa Barbara",93103,"4.5",140,"American",18.6,0.57038636734842
"306",306,2135,"eoH4nxBTSu6kf-41pWDwJQ","Carpinteria",93013,"4",253,"Pizza",60,1.03076964956536
"307",307,2142,"f3eve2cxUIzyanWnHdMtFQ","Santa Barbara",93101,"4.5",813,"Mexican",60.9,3.31231511895904
"308",308,2149,"f7S0WFDy_J1TGahYhnoMLA","Santa Barbara",93101,"4.5",170,"Pizza",55.2,0.69261201749451
"309",309,2156,"fAiPD2OIEm9wtS7uJqzu5Q","Goleta",93117,"4",130,"Healthy",54,0.52964448396639
"310",310,2163,"fApb6LKfOdy5u7MP0hsHKg","Santa Barbara",93105,"3.5",260,"Japanese",27.2,1.05928896793278
"311",311,2170,"fHUAs1ec568wu-a_mRq7Rw","Santa Barbara",93105,"1.5",49,"Fast Food",112,0.199635228571947
"312",312,2177,"fKrmWy4GFsrgdOYhN9pyZA","Santa Barbara",93101,"4",334,"Italian",26,1.3607789049598
"313",313,2184,"fVUurZgbWXzp2QzDzJzmpA","Santa Barbara",93101,"4.5",1213,"Deli",37,4.94199045424024
"314",314,2191,"fiQxkb1pfPpvrr0oYYYBcA","Santa Barbara",93101,"5",98,"American",18.3,0.399270457143894
"315",315,2198,"g5J9OJ5e8SgLYd2DL8_K9w","Goleta",93117,"4.5",10,"Mexican",52.2,0.04074188338203
"316",316,2205,"g9MWxLxQdADqja0qN1HKkQ","Carpinteria",93013,"5",16,"Deli",41,0.065187013411248
"317",317,2212,"gebiRewfieSdtt17PTW6Zg","Santa Barbara",93101,"3.5",488,"Japanese",0,1.98820390904306
"318",318,2219,"gg5jIrK0cQbb3rmZHrteUw","Carpinteria",93013,"2.5",15,"Deli",54,0.061112825073045
"319",319,2226,"gjCxTVItFxk46rCZ-YaiFA","Santa Barbara",93101,"4.5",340,"Deli",52,1.38522403498902
"320",320,2233,"grBPIq_eJCT_SGuhvMrUZQ","Santa Barbara",93105,"3.5",146,"Pizza",62,0.594831497377638
"321",321,2240,"gsXBNWHWhHv_f9NcwpVajw","Santa Barbara",93101,"4.5",29,"Coffee",70,0.118151461807887
"322",322,2247,"h8DlM-VbvCNzpsTqihgUAw","Santa Barbara",93103,"1.5",41,"Fast Food",20,0.167041721866323
"323",323,2254,"hDr_bt6MEwlGvGCCKzyzhg","Santa Barbara",93111,"4",187,"Coffee",46,0.761873219243961
"324",324,2261,"hFYKu5SujPYf_tmnoiKozw","Montecito",93108,"4.5",28,"Healthy",59,0.114077273469684
"325",325,2268,"hPzPpfSjgQkpWCD7YjcY-A","Santa Barbara",93101,"4.5",588,"Bakery",38,2.39562274286336
"326",326,2275,"hVKH5oED9NgGaZeIiF547A","Santa Barbara",93105,"4",214,"Healthy",70,0.871876304375442
"327",327,2282,"i2yCrMQx5soH0jMFG32vxQ","Goleta",93117,"3",32,"Fast Food",79.1,0.130374026822496
"328",328,2289,"i5C6RVgr03HSrgCl8oa1Fg","Santa Barbara",93101,"4",730,"Pizza",69,2.97415748688819
"329",329,2296,"i9ASBmmIJS3RjN_UP-TtKw","Santa Barbara",93105,"3",40,"Coffee",100.2,0.16296753352812
"330",330,2303,"iBBV8vesQ8fo2IQA7an1JA","Santa Barbara",93101,"4",733,"American",20.6,2.9863800519028
"331",331,2310,"iHdrLu8deF5GceB0V1rPhA","Santa Barbara",93108,"4.5",313,"Healthy",24.6,1.27522094985754
"332",332,2317,"iMTjejk6apJKzCukZnDw5A","Montecito",93108,"4.5",650,"Bakery",36,2.64822241983195
"333",333,2324,"iT78kOB6Ja3BJQdYipPa5g","Goleta",93117,"3.5",85,"Mexican",72,0.346306008747255
"334",334,2331,"ifjluUv4VASwmFqEp8cWlQ","Santa Barbara",93105,"4",64,"Pizza",61.8,0.260748053644992
"335",335,2338,"izSgTrqebu8bN8ONOCs6cQ","Santa Barbara",93101,"5",123,"Coffee",30.2,0.501125165598969
"336",336,2345,"j3Ml_qEFnDOaH5miNzG6xw","Santa Barbara",93109,"3.5",173,"Mexican",62.6,0.704834582509119
"337",337,2352,"j6TDQvbRoMszGR0hyaVxvw","Goleta",93117,"2.5",57,"Fast Food",37.1,0.232228735277571
"338",338,2359,"j8c8WFqySY1eybnkJfgjSg","Montecito",93108,"4",22,"American",28.6,0.089632143440466
"339",339,2366,"jR3sTUWCPuOCWpdm8Pn-wQ","Santa Barbara",93105,"4.5",270,"Japanese",25,1.10003085131481
"340",340,2373,"jWgZRpdHy8csA1sUz1auSw","Santa Barbara",93105,"3.5",23,"Mexican",101,0.093706331778669
"341",341,2380,"jZncFsMQdrq268OHq_Q6uw","Santa Barbara",93109,"4",108,"Mexican",112,0.440012340525924
"342",342,2387,"jfRq1KtjEGyPoMo9HZVw2Q","Santa Barbara",93103,"3.5",32,"American",76.9,0.130374026822496
"343",343,2394,"jrSC1bwN2lz9dVBrNTejSg","Carpinteria",93013,"3.5",204,"Bakery",55.9,0.831134420993412
"344",344,2401,"jshnKTsnoXLSez5XD1qo7Q","Santa Barbara",93105,"2.5",56,"Fast Food",99.5,0.228154546939368
"345",345,2408,"jssubXBNkiSJIhbKuDtmpQ","Santa Barbara",93101,"3.5",203,"Japanese",35,0.827060232655209
"346",346,2415,"k6Ptrc94R-Mk549pDEVTFA","Santa Barbara",93105,"4",164,"Healthy",54,0.668166887465292
"347",347,2422,"kAGknILVe6xCv9a2uc5JHw","Carpinteria",93013,"2",25,"Fast Food",101.5,0.101854708455075
"348",348,2429,"kZtl_NJjUnlIQgzFrBhXyQ","Santa Barbara",93109,"3.5",227,"Japanese",28.6,0.924840752772081
"349",349,2436,"krTxH1a9kzWgwvt3PVH8pQ","Carpinteria",93013,"4.5",318,"American",24,1.29559189154855
"350",350,2443,"kwqXOtLCbNjgvwuMj4H1AQ","Santa Barbara",93108,"4.5",70,"Deli",40,0.28519318367421
"351",351,2450,"kwtKZ3fzM5jlR8Z7KIA17g","Santa Barbara",93101,"5",50,"American",60,0.20370941691015
"352",352,2457,"l7NDxnGzb6z2_H08rtfS0w","Goleta",93117,"4",54,"Mexican",70,0.220006170262962
"353",353,2464,"lNkxXDcNoHBpWDNPoZesYw","Montecito",93108,"4",88,"Italian",25.9,0.358528573761864
"354",354,2471,"lZ44dxn1TCzJaVBa8Ze8DQ","Goleta",93117,"3",266,"Japanese",35,1.083734097962
"355",355,2478,"l_slvEnh4v3W8BXF1gYlcQ","Santa Barbara",93101,"3.5",655,"Mexican",69.1,2.66859336152297
"356",356,2485,"lnGHZ_pEJNGT9pcGQ467Ew","Santa Barbara",93105,"3",52,"American",105,0.211857793586556
"357",357,2492,"lu2UpRHLBZfvLG_caNEHKQ","Santa Barbara",93101,"4",566,"Healthy",49,2.3059905994229
"358",358,2499,"lwbFhaGaKUtwPdaXXjy3mQ","Santa Barbara",93101,"4.5",11,"American",76.7,0.044816071720233
"359",359,2506,"m-EfDi7UBwdiEBm7NXqq3w","Isla Vista",93117,"4",151,"Pizza",60,0.615202439068653
"360",360,2513,"m4kvY0viCwxqRtgOycnKVQ","Santa Barbara",93101,"4.5",768,"Mexican",30,3.1289766437399
"361",361,2520,"mAqgsZBTN-wsShMpkz2o9g","Santa Barbara",93101,"3",142,"Deli",94.45,0.578534744024826
"362",362,2527,"mMuvlDGcJrokNFd4ob9tcw","Summerland",93067,"4",32,"Coffee",56,0.130374026822496
"363",363,2534,"mNmUN0HghVFeAYTJ5GwxoA","Carpinteria",93013,"2.5",49,"Breakfast",82,0.199635228571947
"364",364,2541,"mYofSuxrIrPS2Gjsu-ZI4w","Santa Barbara",93103,"4.5",47,"Bakery",69,0.191486851895541
"365",365,2548,"mZ-pJSdAVrBa7ioXVzE7-Q","Santa Barbara",93103,"3.5",22,"American",35,0.089632143440466
"366",366,2555,"nMn4CTJQPXqpgLltYQrxMA","Santa Barbara",93101,"4.5",240,"Coffee",53.9,0.97780520116872
"367",367,2562,"nYPzsOjvida-ne7swSPHpA","Santa Barbara",93101,"4.5",990,"Mexican",71,4.03344645482097
"368",368,2569,"n_RyzuCAiR4yW2JLkl0Jng","Santa Barbara",93101,"2.5",21,"Breakfast",8.5,0.085557955102263
"369",369,2576,"nqsrL6BuIevb285dbdXjjA","Goleta",93117,"2.5",10,"Deli",73.3,0.04074188338203
"370",370,2583,"o4IiNbNybcy-L4vzTSoDJw","Santa Barbara",93101,"4",672,"Italian",27.5,2.73785456327242
"371",371,2590,"o9dB3ptlB9qdiOvJzMeSLw","Goleta",93117,"3.5",173,"American",63,0.704834582509119
"372",372,2597,"oGDGlUbOjHxmmCh8ZYcDCg","Santa Barbara",93101,"4",1520,"American",26,6.19276627406856
"373",373,2604,"oJwMmSZKJOnMboZ_z67MZw","Santa Barbara",93101,"4.5",93,"Pizza",30,0.378899515452879
"374",374,2611,"oYireVavpwflbyWes2BsqQ","Santa Barbara",93105,"2.5",5,"Mexican",66,0.020370941691015
"375",375,2618,"od_MWVpghkvSsl1HKasM9A","Santa Barbara",93105,"4",55,"Healthy",84,0.224080358601165
"376",376,2625,"okc-iCgWvKGa1DfQSOh1Ig","Santa Barbara",93103,"4",10,"Mexican",68,0.04074188338203
"377",377,2632,"omnCKxL0f_akh0eYeJxjDg","Santa Barbara",93101,"4",353,"American",71,1.43818848338566
"378",378,2639,"p2kC-cD22QAQzIGD8ZuqFA","Santa Barbara",93105,"4",73,"Coffee",70,0.297415748688819
"379",379,2646,"p6yHZaiijFq4b4P3sYSRjA","Montecito",93108,"4.5",34,"Bakery",42,0.138522403498902
"380",380,2653,"pC0vDDpl_2ue3HGAmGpMSg","Santa Barbara",93103,"3",5,"American",49,0.020370941691015
"381",381,2660,"pWDE_rueENu_f5HKA_AsWw","Goleta",93117,"4",159,"Coffee",66.5,0.647795945774277
"382",382,2667,"pqF3WkYktbR28uk2PSR7Rg","Santa Barbara",93101,"4",240,"American",56,0.97780520116872
"383",383,2674,"psZB8nX22WvadV3iUShUBg","Goleta",93117,"3",31,"Fast Food",87.9,0.126299838484293
"384",384,2681,"q-1ICFSqs2MwDGfe5tX-SQ","Santa Barbara",93105,"4",337,"American",28.4,1.37300146997441
"385",385,2688,"qM2gfO-cqpDzxmIX-XzuWA","Santa Barbara",93108,"4",77,"American",35,0.313712502041631
"386",386,2695,"qNXAR7i6Tb3m0J0UBurj6g","Carpinteria",93013,"4.5",84,"Healthy",16,0.342231820409052
"387",387,2702,"qdpdUjdkEUpzYDdce2yZng","Santa Barbara",93105,"4",188,"Deli",48.1,0.765947407582164
"388",388,2709,"qx2YTFXfVDwQUfOeWCFfbw","Santa Barbara",93105,"3",43,"Deli",51,0.175190098542729
"389",389,2716,"r2IhvKZQ_wLR5mLBnPOilg","Santa Barbara",93108,"4.5",557,"American",62,2.26932290437907
"390",390,2723,"r926yelr_EJAKQCjdD6AWA","Santa Barbara",93101,"4",519,"Breakfast",18.4,2.11450374752736
"391",391,2730,"rPVmM0aJbC6lU_mnDiZ2Rw","Santa Barbara",93105,"4",213,"American",44,0.867802116037239
"392",392,2737,"rUePoREIOze59D3fd6B6ew","Goleta",93111,"2.5",48,"Pizza",70.1,0.195561040233744
"393",393,2744,"rlfWeYI1SLvC8ZKM_OvXWA","Santa Barbara",93106,"4",10,"Pizza",20,0.04074188338203
"394",394,2751,"s4k1P9FHfPUzw3dqXRp7eA","Santa Barbara",93101,"4.5",234,"Bakery",66,0.953360071139502
"395",395,2758,"sj2o49ZCq2iJlZxDNrHDaA","Santa Barbara",93108,"4.5",150,"Pizza",83,0.61112825073045
"396",396,2765,"sjWf71VmU5HIwqX8RGCLJw","Santa Barbara",93101,"4.5",22,"American",39.9,0.089632143440466
"397",397,2772,"sk0IM8koYo1o9-k_rpkmxQ","Santa Barbara",93101,"4.5",95,"Mexican",54,0.387047892129285
"398",398,2779,"soaZ7_oU7xcphlw6gpWblg","Santa Barbara",93109,"3",47,"Coffee",112,0.191486851895541
"399",399,2786,"ssZSQ7HzLFBbm41gWubXKQ","Santa Barbara",93117,"3",46,"Mexican",93.1,0.187412663557338
"400",400,2793,"syuKX2pH3JJhOOppzNI6SA","Santa Barbara",93101,"4.5",184,"Japanese",16,0.749650654229352
"401",401,2800,"sz5SMsTOTAshdfsaK98-TA","Goleta",93117,"4",291,"American",25.8,1.18558880641707
"402",402,2807,"tA1IXs5GeNAqnJgaD4ajZA","Goleta",93117,"3.5",46,"Pizza",64,0.187412663557338
"403",403,2814,"tGQytMbOXDdZS_OSK9hkBw","Santa Barbara",93101,"4",149,"American",22.1,0.607054062392247
"404",404,2821,"tS47dXDlx9t-6B_F56cKUA","Santa Barbara",93105,"2",97,"Mexican",70.2,0.395196268805691
"405",405,2828,"tf6S06LD09IFDHUpOPqPaw","Santa Barbara",93103,"4.5",856,"Mexican",51,3.48750521750177
"406",406,2835,"thlyktt2c7v1DyOpSVSibw","Santa Barbara",93101,"4",897,"Breakfast",30,3.65454693936809
"407",407,2842,"tjIIpbimdbi9Lrb-DoIzKg","Isla Vista",93117,"4",64,"Japanese",56,0.260748053644992
"408",408,2849,"tyt3pz0x3ZB8GXsSx1a9Aw","Santa Barbara",93101,"4",251,"Italian",35,1.02262127288895
"409",409,2856,"u3uB0GD7cVf5NC-AFHdwnQ","Santa Barbara",93101,"5",10,"Coffee",20.1,0.04074188338203
"410",410,2863,"u9oG6CVhS9dJR5ZHS5q23A","Santa Barbara",93109,"4.5",127,"Bakery",38,0.517421918951781
"411",411,2870,"uGo0TCVNOcDQxMArUU0Jrw","Goleta",93117,"4",561,"Breakfast",42,2.28561965773188
"412",412,2877,"uO39--k_hrCFgZh-Bl8m8A","Santa Barbara",93101,"4.5",409,"Mexican",61.8,1.66634303032503
"413",413,2884,"uvb3NcpqBEaCrrcyfNF-wA","Carpinteria",93013,"2.5",81,"Coffee",96,0.330009255394443
"414",414,2891,"vC2qm1y3Au5czBtbhc-DNw","Carpinteria",93013,"3",167,"Japanese",35,0.680389452479901
"415",415,2898,"vNRTLUP22o1X3sMURoiB9A","Carpinteria",93013,"4",94,"Mexican",98.3,0.382973703791082
"416",416,2905,"vTXNVK73GOvVb3js4w8SLg","Santa Barbara",93105,"2.5",39,"Pizza",70.1,0.158893345189917
"417",417,2912,"vZG0BDPGDJxMGiXcGoVU6w","Santa Barbara",93110,"4",182,"Fast Food",90,0.741502277552946
"418",418,2919,"vhWlxyLEWAbNOMtQ42yzFg","Santa Barbara",93101,"4.5",492,"Deli",35,2.00450066239588
"419",419,2926,"vj6AetpADpHOYtMRZsXX3g","Santa Barbara",93105,"4",807,"Mexican",70,3.28786998892982
"420",420,2933,"vmq2cm0Ayol4toVsL4dZfA","Isla Vista",93117,"4.5",187,"Healthy",84,0.761873219243961
"421",421,2940,"vyyr3G874jpRYSQo2KPZow","Goleta",93117,"5",117,"Bakery",71.4,0.476680035569751
"422",422,2947,"w79qtK0PpeDWrnY7E-uTRg","Santa Barbara",93109,"3.5",28,"Fast Food",50,0.114077273469684
"423",423,2954,"wFES5bGDiPANW13hNHnXOQ","Santa Barbara",93108,"4",374,"Japanese",22.9,1.52374643848792
"424",424,2961,"wK2IixmZUOEFGz1QZqR99Q","Santa Barbara",93101,"4",75,"Deli",93.8,0.305564125365225
"425",425,2968,"wKOD2ZWMpiJcdSswRXVuRA","Goleta",93117,"3.5",144,"American",76.9,0.586683120701232
"426",426,2975,"wMZAnrfwV-qHiV5zdTSrzw","Santa Barbara",93110,"4",296,"American",35,1.20595974810809
"427",427,2982,"wUHUyTrOpUcTVTQpyZFo8w","Santa Barbara",93101,"2",34,"Fast Food",114,0.138522403498902
"428",428,2989,"wfjqxgLSsLtyzswzQBziSw","Santa Barbara",93101,"4",165,"Italian",38.2,0.672241075803495
"429",429,2996,"wupvqueqdEZXQxv14sa9vw","Carpinteria",93013,"4",455,"American",57,1.85375569388237
"430",430,3003,"wvD7TOuE-qUhkyXoi8K8hA","Santa Barbara",93103,"4",246,"Mexican",68,1.00225033119794
"431",431,3010,"x3D4pyClaewoT1H2Jzcmjg","Goleta",93117,"4",8,"American",54,0.032593506705624
"432",432,3017,"xRapA2lG7mjJ6eOqHmxe-A","Santa Barbara",93101,"4",155,"American",20,0.631499192421465
"433",433,3024,"xVtO6a4dqKQQzMXkSPL80A","Santa Barbara",93101,"4",73,"Mexican",46,0.297415748688819
"434",434,3031,"xdEND5C5s4FqCqgf0p7EBg","Goleta",93117,"3",29,"Fast Food",105,0.118151461807887
"435",435,3038,"xwSWtJcQkzTF6HNm_IMgcg","Goleta",93117,"2.5",94,"Pizza",64,0.382973703791082
"436",436,3045,"y4x_wAQvUxvTR8iV-JP4Jg","Santa Barbara",93109,"4",504,"American",66,2.05339092245431
"437",437,3052,"yEmEDomLUofVtbZoUeFV5g","Santa Barbara",93105,"4",312,"Coffee",67.9,1.27114676151934
"438",438,3059,"yM7eA2uuH3Ch7OYVj3PKSw","Santa Barbara",93101,"4.5",82,"Japanese",21,0.334083443732646
"439",439,3066,"yPSejq3_erxo9zdVYTBnZA","Santa Barbara",93101,"4.5",3834,"Mexican",70,15.6204380886703
"440",440,3073,"ycbmvmBYk4w_ZmdrPL0tBQ","Santa Barbara",93101,"4",362,"American",74.5,1.47485617842949
"441",441,3080,"ygZyTUWS4dbVL8d6vAiN4A","Santa Barbara",93101,"4",68,"Mexican",98,0.277044806997804
"442",442,3087,"yw3vRR7XLIjEnlhMnVzR7w","Santa Barbara",93101,"2.5",240,"Japanese",40,0.97780520116872
"443",443,3094,"z5N7vgaNSBpjKT_gbY53sw","Goleta",93117,"3.5",58,"Bakery",77,0.236302923615774
"444",444,3101,"z6I4QVP1M1HXETgwD92XHg","Santa Barbara",93101,"4",488,"Italian",24.9,1.98820390904306
"445",445,3108,"z9-8KvMAlVK46De-G3sNJQ","Santa Barbara",93101,"4",239,"Healthy",84,0.973731012830517
"446",446,3115,"zJpZ-uQ_F0XVgK1u98uWSg","Santa Barbara",93101,"4.5",13,"Mexican",28.2,0.052964448396639
"447",447,3122,"zZrDoiQIUmiVkifJx0h_KA","Santa Barbara",93101,"4.5",8,"Coffee",77,0.032593506705624
"448",448,3129,"zeAfmYy9b1gfUJLRBHm6vQ","Santa Barbara",93105,"4",240,"Italian",74.6,0.97780520116872
"449",449,3136,"ziXR7sUrbKRCNeDqfjibUg","Santa Barbara",93101,"4",262,"Mexican",97,1.06743734460919
